11122334455;4286647285;Beatriz da Silva;10/07/1985;Canoas
44556677889;3715125391;Maria Oliveira;03/09/1976;Novo Hamburgo
22334455667;1983946982;João Souza;15/04/1990;Porto Alegre
98765432101;8119544376;Ana Pereira;22/11/1988;Cachoeirinha
55443322110;9375803671;Pedro Santos;08/06/1973;Gravataí
66778899011;4985136571;Luiza Almeida;29/03/1965;São Leopoldo
11223344550;1494960669;Lucas Oliveira;05/12/1992;Porto Alegre
11223344551;8784535835;Mariana Santos;14/08/1988;Canoas
11223344552;2845763029;André Rocha;22/05/1979;Novo Hamburgo
11223344553;6712300215;Fernanda Lima;18/02/1995;São Leopoldo
11223344554;6817167561;Ricardo Pereira;03/04/1974;Cachoeirinha
11223344555;6266579094;Camila Souza;15/09/1986;Gravataí
11223344556;8752884254;Ana Pereira;30/06/1980;Porto Alegre
11223344557;1920826619;Pedro Lima;07/07/1960;Novo Hamburgo
11223344558;7731696901;Carla Oliveira;19/09/1989;Canoas
11223344559;1850391695;Vinícius Santos;27/03/1984;São Leopoldo
11223344560;2684858791;Beatriz da Silva;10/07/1985;Canoas
11223344561;3251354273;Gabriel Lima;14/10/1977;Porto Alegre
11223344562;2656593133;Juliana Rocha;08/06/1973;São Leopoldo
11223344563;5046905266;Daniel Souza;09/07/1971;Porto Alegre
11223344564;4964376824;Larissa Lima;11/03/1993;Cachoeirinha
11223344565;5277299229;Luciana Oliveira;26/08/1968;Gravataí
11223344566;1362746198;Guilherme Santos;01/02/1958;Porto Alegre
11223344567;2903347274;Tatiane Lima;03/09/1976;Canoas
11223344568;1690612485;Rafaela Souza;25/12/2972;Novo Hamburgo
11223344569;4598882059;Diego Oliveira;15/04/1990;São Leopoldo
11223344570;7960798047;Matheus Rocha;22/11/1988;Cachoeirinha
11223344571;4036527493;Thaís Pereira;31/05/1984;Gravataí
11223344572;9898922282;Luciana Santos;22/07/1982;Porto Alegre
11223344573;3896297182;Ricardo Oliveira;29/03/1965;Novo Hamburgo
11223344574;9532348432;Bianca Lima;14/09/1979;Canoas
11223344575;6536579512;Eduardo Rocha;01/07/1967;Porto Alegre
11223344576;6910570035;Ana Clara Oliveira;11/08/1983;Gravataí
11223344577;4635976888;Roberto Pereira;07/06/1971;São Leopoldo
11223344578;2151960271;Isabela Lima;14/10/1977;Cachoeirinha
11223344579;5377921082;Luciana Oliveira;21/03/1998;Porto Alegre
11223344580;3318230512;Gabriel Souza;25/09/1991;Novo Hamburgo
11223344581;7127359202;Laura Rocha;22/04/1987;Canoas
11223344582;1956165072;Vitor Lima;26/08/1968;Novo Hamburgo
11223344583;7203046936;Rafaela Souza;03/04/1974;São Leopoldo
11223344584;7939686973;Diego Oliveira;11/03/1993;Porto Alegre
11223344585;7110412506;Gustavo Santos;14/10/1977;Cachoeirinha
11223344586;4253494654;Amanda Rocha;23/01/1982;Novo Hamburgo
11223344587;9741488663;Lucas Lima;31/05/1984;Canoas
11223344588;7158158195;Letícia Oliveira;07/07/1960;São Leopoldo
11223344589;3641244123;Thiago Souza;19/09/1989;Gravataí
11223344590;3304379349;Fernanda Rocha;03/04/1974;Porto Alegre
11223344591;9555610706;Enzo Lima;09/07/1971;Novo Hamburgo
11223344592;3252450944;Manuela Souza;22/11/1988;Canoas
11223344593;3577788099;Renato Oliveira;26/08/1968;São Leopoldo
11223344594;7031347404;Ricardo Pereira;03/04/1974;Cachoeirinha
11223344595;7158176992;Camila Souza;15/09/1986;Gravataí
11223344596;7031347406;Ana Pereira;30/06/1980;Porto Alegre
11223344597;7031347406;Pedro Lima;07/07/1960;Novo Hamburgo
11223344598;7031347426;Carla Oliveira;19/09/1989;Canoas
11223344599;7031147406;Vinícius Santos;27/03/1984;São Leopoldo
11223344600;7331347406;Beatriz da Silva;10/07/1985;Canoas